ticketmaster,https://app.ticketmaster.com,963
ticketmaster-nashville,https://www.ticketmaster.com,853
stone-mountain-park,https://stonemountainpark.com/activities/events/,832
painting-with-a-twist,https://www.paintingwithatwist.com,807
fulton-library,https://www.fulcolibrary.org,559
the-masquerade,https://www.masqueradeatlanta.com,387
atlanta-recurring-social,https://badslava.com/,321
springs-cinema,https://www.springscinema.com,249
tara-theatre,https://www.taraatlanta.com,189
eventbrite,https://api.eventbrite.com,168
third-and-lindsley,https://www.3rdandlindsley.com/calendar/,153
eventbrite-nashville,https://www.eventbrite.com/d/tn--nashville/events/,147
dads-garage,https://dadsgarage.com/shows,129
gsu-athletics,https://georgiastatesports.com,127
georgia-tech-athletics,https://ramblinwreck.com,124
piedmont-healthcare,https://www.piedmont.org/classes-and-events/classes-and-events,103
basement-east,https://www.thebasementnashville.com/basement-east-calendar/,93
the-earl,https://badearl.com/events,81
factory-franklin,https://factoryatfranklin.com/events/,78
freeroll-atlanta,https://www.freerollatlanta.com,77
city-springs,https://citysprings.com/events/,71
529,https://529atlanta.com/calendar/,71
terminal-west,https://terminalwestatl.com/events,68
brooklyn-bowl-nashville,https://www.brooklynbowl.com/nashville/shows/all,65
lore-atlanta,https://loreatl.com,64
tabernacle,https://www.tabernacleatl.com,63
meetup,https://api.meetup.com,62
piedmont-park,https://www.piedmontpark.org,60
ksu-athletics,https://ksuowls.com,59
gwcc,https://www.gwcca.org/event-calendar,54
mjq-concourse,https://www.mjqofficial.com,53
variety-playhouse,https://varietyplayhouse.com,52
big-peach-running,https://www.bigpeachrunningco.com,51
exit-in,https://exitin.com/calendar/,49
schermerhorn,https://www.nashvillesymphony.org/tickets/,48
eddies-attic,https://eddiesattic.com,47
franklin-theatre,https://www.franklintheatre.com/all-events/,47
landmark-midtown,https://www.landmarktheatres.com/atlanta/midtown-art-cinema,45
boot-barn-hall,https://www.thehallga.com/calendar,44
laughing-skull,https://laughingskulllounge.com,44
the-eastern,https://easternatl.com,42
coca-cola-roxy,https://www.roxyatlanta.com,42
aisle5,https://www.aaborhood.com,40
puppetry-arts,https://puppet.org,39
helium-comedy,https://atlanta.heliumcomedy.com,38
kennesaw-state,https://arts.kennesaw.edu,37
moda,https://www.museumofdesign.org/events,37
red-light-cafe,https://www.redlightcafe.com,37
home-depot-kids-workshops,https://www.homedepot.com/workshops/,36
a-cappella-books,https://www.acappellabooks.com,36
