actors-express,https://www.actorsexpress.com,
aisle5,https://www.aaborhood.com,
americasmart,https://www.americasmart.com,
ameris-bank-amphitheatre,https://www.amerisbankamphitheatre.com,
argosy,https://argosyeastatlanta.com,
atlanta-art-fair,https://www.atlantaartfair.com,
atlanta-comedy-theater,https://www.atlantacomedytheater.com,
atlanta-jazz-festival,https://www.atlantafestivals.com/atlanta-jazz-festival,
atlanta-pride,https://www.atlantapride.org,
aurora-cineplex,https://www.auroracineplex.com,
blakes-on-park,https://www.blakesonthepark.com,
book-boutique,https://www.thebookboutiqueatl.com,
bookish-atlanta,https://www.bookishatlanta.com,
bulldogs-atlanta,https://www.bulldogsatl.com,
candler-park-fest,https://www.candlerparkfest.org,
chastain-arts,https://www.chastainartscenter.org/events,
cheshire-bridge-district,https://cheshirebridge.com,
church-atlanta,https://www.thechurchatl.com,
church-bar,https://www.churchedgewood.com,
college-football-hof,https://www.cfbhall.com,
community-foundation-atl,https://www.cfgreateratlanta.org,
defy-atlanta,https://www.defyatlanta.com,
do404,https://do404.com,
downtown-duluth,https://exploreduluth.org,
duluth-city,https://www.duluthga.gov,
elmyr,https://www.elmyratlanta.com,
exhibition-hub,https://www.exhibitionhubatlanta.com/,
flatiron,https://www.flatironatlanta.com,
folklore-haunted,https://www.folklorehh.com,
freeside-atlanta,https://freesideatl.org/events,
future-atlanta,https://www.futureatl.com,
grant-park-festival,https://www.grantparkfestival.org,
gwinnett-stripers,https://www.gostripers.com/schedule,
hammonds-house,https://hammondshouse.org,
hathaway-contemporary,https://www.hathawaycontemporary.com,
hawks-bars,https://www.nba.com/hawks,
hosea-helps,https://hoseahelps.org/events,
irwin-street-cooking,https://www.irwinstreet.com,
ladybird-grove,https://www.ladybirdatlanta.com,
lego-discovery-center,https://www.legolanddiscoverycenter.com/atlanta/,
madlife-stage,https://madlifestage.com/events,
meals-on-wheels-atlanta,https://mowama.org/events,
mint-gallery,https://mintgallery.com/events,
mobilize-50501-georgia,https://www.mobilize.us/50501georgia/,
mobilize-dekalb-dems,https://www.mobilize.us/dekalbdems/,
mobilize-ga-dems,https://www.mobilize.us/georgiademocrats/,
mobilize-hrc-georgia,https://www.mobilize.us/hrcingeorgia/,
mobilize-indivisible-atl,https://www.mobilize.us/indivisibleatl/,
mobilize-indivisible-cherokee,https://www.mobilize.us/indivisiblecherokeeunited/,
mobilize-indivisible-cobb,https://www.mobilize.us/indivisiblecobb/,
mobilize-indivisible-ga10,https://www.mobilize.us/indivisiblega10/,
mobilize-necessary-trouble,https://www.mobilize.us/necessarytrouble/,
mobilize-voteriders,https://www.mobilize.us/voteriders/,
moca-ga,https://www.mocaga.org,
moes-and-joes,https://www.moesandjoes.com,
momocon,https://www.momocon.com,
monday-night,https://www.mondaynightbrewing.com,
monday-night-garage,https://mondaynightbrewing.com,
monday-night-run-club,https://www.mondaynightbrewing.com,
moods-music,https://www.moodsmusic.com,
morehouse-college,https://www.morehouse.edu/events,
morningside-civic,https://mlpa.org,
morningside-farmers-market,https://www.morningsidemarket.com,
mother-bar,https://www.motheredgewood.com,
mtsu-events,https://www.mtsu.edu/calendar/,
mudfire,https://www.mudfire.com/,
murfreesboro-city,https://www.murfreesborotn.gov/Calendar.aspx,
music-midtown,https://www.musicmidtown.com,
my-sisters-room,https://www.mysistersroom.com,
nashville-com,https://www.nashville.com/calendar-of-events/,
nashville-scene,https://www.nashvillescene.com/calendar/,
ncg-cinemas-atlanta,https://www.ncgmovies.com,
netherworld,https://www.fearworld.com,
new-georgia-project,https://newgeorgiaproject.org/events,
new-realm-brewing,https://newrealmbrewing.com/atlanta/,
nightmares-gate,https://www.nightmaresgate.com,
nonis,https://www.nonisbar.com,
northside-tavern,https://www.northsidetavern.com,
oakland-cemetery,https://oaklandcemetery.com/events/,
oddities-museum,https://theodditiesmuseum.org/calendar-of-events,
oglethorpe-university,https://oglethorpe.edu/events,
onstage-atlanta,https://www.onstageatlanta.com,
opera-nightclub,https://www.operaatlanta.com,
ormewood-park-neighborhood,https://ormewoodpark.org,
ormsbys,https://www.ormsbysatlanta.com,
orpheus-brewing,https://www.orpheusbrewing.com,
our-bar-atl,https://www.ourbaratl.com,
out-front-theatre,https://outfronttheatre.com/shows,
out-of-box-theatre,https://www.outofboxtheatre.com,
out-on-film,https://outonfilm.org,
outspoken-entertainment,https://www.outspokenentertainment.com/wheretoplay,
painted-duck,https://www.thepaintedduck.com,
painted-pin,https://www.thepaintedpin.com,
paranoia-haunted,https://www.paranoiaquestrooms.com,
park-tavern,https://www.parktavern.com,
path-foundation,https://pathfoundation.org/events/,
peachtree-road-farmers-market,https://www.peachtreeroadfarmersmarket.com,
peachtree-road-race,https://www.atlantatrackclub.org/peachtree,
peoplestown-neighborhood,https://www.peoplestown.org,
perfect-note-atlanta,https://perfectnoteatlanta.com/events,
piedmont-athens,https://www.piedmont.org/locations/piedmont-athens/piedmont-athens-chapel-and-healing-places,
piedmont-auxiliary,https://www.pahauxiliary.org/calendar,
piedmont-cancer-support,https://www.piedmontcancerinstitute.com/support-groups.php,
piedmont-classes,https://classes.inquicker.com/?ClientID=12422,
piedmont-cme,https://piedmont.cloud-cme.com,
piedmont-fitness,https://www.piedmont.org/locations/fitness-centers,
piedmont-foundation,https://www.piedmont.org/about-piedmont-healthcare/foundation-and-giving/overview/special-events,
piedmont-heart-conferences,https://www.piedmont.org/heart/healthcare-professionals/conferences,
piedmont-heights-civic,https://piedmontheights.org,
piedmont-luminaria,https://www.piedmontluminaria.org,
piedmont-transplant,https://www.piedmont.org/transplant/services-treatments/support-group,
piedmont-womens-heart,https://www.piedmont.org/heart/services-and-programs/womens-heart/dottie-fuqua-womens-heart-support-network,
piedmonthealthcare-events,https://www.piedmonthealthcare.com/events/,
pinch-n-ouch-theatre,http://www.pnotheatre.org,
pisces-atlanta,https://www.piscesatlanta.com,
pittsburgh-yards,https://pittsburghyards.com,
plaza-theatre,https://plazaatlanta.com,
poem88-gallery,https://www.poem88.net,
ponce-city-market,https://www.poncecitymarket.com,
pontoon-brewing,https://www.pontoonbrewing.com,
project-south,https://projectsouth.org/events,
ptc-running-club,https://ptcrc.com,
publix-aprons,https://www.publix.com/aprons,
punch-bowl-social,https://www.punchbowlsocial.com,
punchline,https://punchline.com,
pushpush-arts,https://www.pushpusharts.com/calendar,
pushpush-theater,https://www.pushpushtheater.com,
puttshack,https://www.puttshack.com,
ravine-atlanta,https://ravineatl.com,
reformation-brewery,https://www.reformationbrewery.com,
regal-atlanta,https://www.regmovies.com,
render-atl,https://www.renderatl.com,
resident-advisor,https://ra.co/events/us/atlanta,
rialto-center,https://rfrialto.gsu.edu,
roswell-city,https://www.roswellgov.com,
roswell-cultural-arts,https://www.roswellgov.com/government/departments/recreation-parks-historic-cultural-affairs/cultural-arts,
round-trip-brewing,https://www.roundtripbrewing.com,
rowdy-tiger,https://www.rowdytigeratl.com,
ryman-auditorium,https://www.ryman.com/events,
sandy-springs-pac,https://www.sandyspringsperformingarts.org,
scad-atlanta,https://www.scad.edu/atlanta,
scad-fash,https://scadfash.org/events,
schoolhouse-brewing,https://schoolhousebrewing.com/events,
schwartz-center,https://arts.emory.edu,
scofflaw-brewing,https://www.scofflawbeer.com,
second-self-brewing,https://www.secondselfbeer.com,
shakespeare-tavern,http://www.shakespearetavern.com,
shaky-knees,https://www.shakykneesfestival.com,
shrine-cultural-center,https://www.eventbrite.com/o/shrine-cultural-center-51764997263,
side-saddle,https://www.sidesaddleatl.com,
sidebar,https://www.sidebaratlanta.com,
silverspot-cinema-atlanta,https://silverspot.net,
sister-louisas,https://www.churchbar.net,
six-flags-over-georgia,https://www.sixflags.com/overgeorgia/events,
sky-zone-atlanta,https://www.skyzone.com,
skylounge-glenn-hotel,https://glennhotel.com/skylounge,
smiths-olde-bar,https://smithsoldebar.com,
snellville-city,https://www.snellville.org,
snellville-farmers-market,https://snellvillefarmersmarket.com,
song,https://southernersonnewground.org/events,
sound-table,https://www.soundtable.com,
south-river-art,https://www.southriverartstudios.com/events,
south-river-forest,https://defendatlantaforest.org/events,
southern-fried-gaming,https://www.southernfriedgamingexpo.com,
southern-fried-queer-pride,https://www.southernfriedqueerpride.com/all-events,
southern-museum,https://www.southernmuseum.org,
spaceman-rooftop,https://www.spacemanrooftop.com,
spelman-college,https://www.spelman.edu/events,
spivey-hall,https://spiveyhall.org/events,
sports-social,https://www.sportssocial.com,
spruill-center,https://www.spruillarts.org/,
st-james-live,https://www.stjameslive.com,
stage-door-players,https://www.stagedoorplayers.net,
star-community-bar,http://www.starbar.net,
starlight-drive-in,https://starlightdrivein.com,
state-farm-arena,https://www.statefarmarena.com,
station-inn,https://stationinn.com/,
stats-downtown,https://www.statsatl.com,
steady-hand-beer,https://www.steadyhandbeer.com,
strand-theatre,https://www.earlsmithstrand.org,
studio-movie-grill-atlanta,https://www.studiomoviegrill.com,
sun-dial-restaurant,https://www.sundialrestaurant.com,
supermarket-atl,https://www.thesupermarketatl.com/events,
sur-la-table,https://www.surlatable.com,
sweet-auburn-market,https://www.sweetauburncurbmarket.com,
sweet-auburn-springfest,https://www.sweetauburn.com,
sweetwater,https://www.sweetwaterbrew.com,
switchyards,https://www.switchyards.com,
synchronicity-theatre,https://www.synchrotheatre.com,
team-trivia,https://www.teamtrivia.com/locations/,
terminus-modern-ballet,https://www.terminusmbt.com,
the-glenwood,https://www.theglenwoodatl.com,
the-heretic,https://www.hereticatl.com,
the-loft,https://www.theloftatl.com,
the-maker-station,https://www.themakerstation.com/,
the-painted-duck,https://thepaintedduck.com,
the-porter,https://www.theporterbeerbar.com/wordpress/elementor-1726/,
the-square-pub,https://www.thesquarepub.com,
the-vortex,https://www.thevortexatl.com,
theatre-for-young-audiences,https://www.alliancetheatre.org/family-programming/,
theatre-in-the-square,https://mariettatheatre.com,
theatrical-outfit,https://www.theatricaloutfit.org,
three-taverns,https://www.threetavernsbrewery.com,
token-gaming-pub,https://www.tokengamingpub.com,
tongue-and-groove,https://www.tongueandgroove.com,
torched-hop,https://torchedhop.com,
tpac,https://www.tpac.org/events,
trees-atlanta,https://www.treesatlanta.org/get-involved/events/,
trolley-barn,https://trolleybarn.org,
true-colors-theatre,https://www.truecolorstheatre.org,
truist-park,https://www.mlb.com/braves/ballpark,
twains-brewpub,https://www.twainsbilliards.com,
united-way-atlanta,https://volunteer.unitedwayatlanta.org/calendar,
uptown-comedy,https://www.uptowncomedycorner.com,
urban-air-atlanta,https://www.urbanairtrampolinepark.com,
urban-grind,https://www.urbangrindcoffee.com,
urban-league-atlanta,https://ulgatl.org/events,
user-submissions,https://lostcity.io/submit,
variant-brewing,https://variantbrewing.com,
variety-playhouse,https://varietyplayhouse.com,
venkmans,https://www.venkmans.com,
victory-sandwich-bar,https://www.victorysandwichbar.com,
vine-city-neighborhood,https://www.atlantaga.gov,
virginia-highland-civic,https://vahi.org,
visit-franklin,https://visitfranklin.com/things-to-do-events/,
visit-music-city,https://www.visitmusiccity.com/nashville-events,
vista-yoga,https://www.vistayogaatl.com,
wax-n-facts,https://www.waxnfacts.com,
west-end-neighborhood,https://historicwestend.com,
wewatchstuff,https://linktr.ee/wewatchstuff,
wework-atlanta,https://www.wework.com,
whitespace-gallery,https://www.whitespace814.com,
whole-world-improv,https://www.wholeworldtheatre.com,
wild-aster-books,https://www.wildasterbooks.com,
wild-heaven,https://www.wildheavenbeer.com,
williams-sonoma,https://www.williams-sonoma.com,
wonderroot,https://wonderroot.org/events,
woodys-atlanta,https://www.woodysatlanta.com,
woofs-atlanta,https://www.woofsatlanta.com,
working-title-playwrights,https://www.workingtitleplaywrights.com,
world-of-coca-cola,https://www.worldofcoca-cola.com,
wrecking-bar,https://wreckingbarbrewpub.com,
wrens-nest,https://www.wrensnest.org/calendar,
wrfg-radio,https://wrfg.org/events,
ymca-atlanta,https://ymcaatlanta.org/events,
yonder-yoga,https://www.yonderyoga.com,
ypa-atlanta,https://www.ypatl.org,
zoo-atlanta,https://www.zooatlanta.org,
zucot-gallery,https://www.zucotgallery.com,
